[
    {
        "question" : "(1) What is MVC (Mode View Controller) ?",
        "option" : ["It is a services for Java built function" , "It is marker for DOM elements", "It is a software design pattern for developing web applications", "None of the above"],
        "answer" : "(3) It is a software design pattern for developing web applications"
    },

    {
        "question" : "(2) What does the $dirty flag indicates in angular js?",
        "option" : ["it indicates the value cannot be changed" , "It indicates the form has invalid data", "It indicates that value has been changed", "None of the above"],
        "answer" : "(3) It indicates that value has been changed"
    }

]